DBCODE,ENTITY,SITECODE,YEAR,SECTION,REACH,UNITTYPE,UNITNUM,LENGTH,WIDTH1,WIDTH2,WIDTH3,DEPTH1,DEPTH2,DEPTH3,DEPTH4,DEPTH5,DEPTH6,DEPTH7,DEPTH8,DEPTH9,DEPTH10,DEPTH11,DEPTH12,MAXDEPTH,SAMPLEDATE,NOTES
AS006,2,"MACKAL-L",1996,AL,L,C,1.0,,,,,,,,,,,,,,,,,,1996-08-29,""
AS006,2,"MACKAL-U",1996,AL,U,C,1.0,,,,,,,,,,,,,,,,,,1996-08-29,""
AS006,2,"MACKAL-U",1996,AL,U,P,2.0,,,,,,,,,,,,,,,,,,1996-08-29,""
AS006,2,"MACKAL-U",1996,AL,U,SC,3.0,,,,,,,,,,,,,,,,,,1996-08-29,""
AS006,2,"MACKCC-L",1987,CC,L,C,2.0,16.0,2.7,6.0,,,,,,,,,,,,,,,1987-10-07,""
AS006,2,"MACKCC-L",1987,CC,L,C,5.0,12.1,2.0,3.0,4.7,,,,,,,,,,,,,,1987-10-07,""
AS006,2,"MACKCC-L",1987,CC,L,P,4.0,11.4,2.5,3.8,,,,,,,,,,,,,,,1987-10-07,""
AS006,2,"MACKCC-L",1987,CC,L,R,1.0,10.0,3.8,2.7,,,,,,,,,,,,,,,1987-10-07,""
AS006,2,"MACKCC-L",1987,CC,L,S,3.0,1.6,3.8,2.3,,,,,,,,,,,,,,,1987-10-07,""
AS006,2,"MACKCC-L",1987,CC,L,SC,6.0,28.9,2.9,4.5,1.7,,,,,,,,,,,,,,1987-10-07,""
AS006,2,"MACKCC-L",1988,CC,L,,,,,,,,,,,,,,,,,,,,1988-08-30,""
AS006,2,"MACKCC-L",1989,CC,L,,,,,,,,,,,,,,,,,,,,1989-09-06,""
AS006,2,"MACKCC-L",1990,CC,L,C,2.0,,,,,,,,,,,,,,,,,,1990-08-15,""
AS006,2,"MACKCC-L",1990,CC,L,C,5.0,,,,,,,,,,,,,,,,,,1990-08-15,""
AS006,2,"MACKCC-L",1990,CC,L,P,1.0,,,,,,,,,,,,,,,,,,1990-08-15,""
AS006,2,"MACKCC-L",1990,CC,L,P,4.0,,,,,,,,,,,,,,,,,,1990-08-15,""
AS006,2,"MACKCC-L",1990,CC,L,SC,3.0,,,,,,,,,,,,,,,,,,1990-08-15,""
AS006,2,"MACKCC-L",1990,CC,L,SC,6.0,,,,,,,,,,,,,,,,,,1990-08-15,""
AS006,2,"MACKCC-L",1991,CC,L,C,2.0,,,,,,,,,,,,,,,,,,1991-09-05,""
AS006,2,"MACKCC-L",1991,CC,L,C,5.0,,,,,,,,,,,,,,,,,,1991-09-05,""
AS006,2,"MACKCC-L",1991,CC,L,P,1.0,,,,,,,,,,,,,,,,,,1991-09-05,""
AS006,2,"MACKCC-L",1991,CC,L,P,4.0,,,,,,,,,,,,,,,,,,1991-09-05,""
AS006,2,"MACKCC-L",1991,CC,L,SC,3.0,,,,,,,,,,,,,,,,,,1991-09-05,""
AS006,2,"MACKCC-L",1991,CC,L,SC,6.0,,,,,,,,,,,,,,,,,,1991-09-05,""
AS006,2,"MACKCC-L",1992,CC,L,C,2.0,29.7,4.5,4.4,2.7,0.18,0.10,0.22,,0.19,0.23,0.28,,0.14,0.15,0.07,,0.50,1992-09-01,""
AS006,2,"MACKCC-L",1992,CC,L,C,5.0,10.6,1.3,2.2,2.2,0.09,0.22,0.31,,0.12,0.16,0.09,,0.10,0.16,0.09,,0.40,1992-09-01,""
AS006,2,"MACKCC-L",1992,CC,L,P,1.0,7.9,4.0,2.9,2.0,0.14,0.30,0.16,,0.20,0.24,0.25,,0.35,0.25,0.23,,0.41,1992-09-01,""
AS006,2,"MACKCC-L",1992,CC,L,P,4.0,7.7,1.0,3.5,3.4,0.40,0.42,0.52,,0.14,0.18,0.12,,0.40,0.30,0.20,,0.55,1992-09-01,""
AS006,2,"MACKCC-L",1992,CC,L,SC,3.0,23.2,1.0,0.6,1.4,0.08,0.20,0.15,,0.10,0.08,0.14,,0.16,0.11,0.13,,0.35,1992-09-01,""
AS006,2,"MACKCC-L",1992,CC,L,SC,6.0,26.9,2.2,3.3,2.2,0.22,0.09,0.07,,0.12,0.05,0.19,,0.11,0.22,0.17,,0.40,1992-09-01,""
AS006,2,"MACKCC-L",1993,CC,L,,,,,,,,,,,,,,,,,,,,1993-09-01,""
AS006,2,"MACKCC-L",1994,CC,L,C,2.0,,2.2,4.0,5.8,0.14,0.10,0.15,,0.17,0.07,0.30,,0.12,0.12,0.14,,0.46,1994-08-30,""
AS006,2,"MACKCC-L",1994,CC,L,C,5.0,,3.1,2.4,5.8,0.14,0.20,0.13,,0.07,0.22,0.18,,0.10,0.23,0.17,,0.32,1994-08-30,""
AS006,2,"MACKCC-L",1994,CC,L,P,1.0,,3.7,3.0,2.2,0.16,0.25,0.20,,0.16,0.32,0.24,,0.21,0.30,0.34,,0.42,1994-08-30,""
AS006,2,"MACKCC-L",1994,CC,L,P,4.0,,4.0,3.2,3.4,0.05,0.16,0.09,,0.33,0.29,0.16,,0.54,0.43,0.05,,0.57,1994-08-30,""
AS006,2,"MACKCC-L",1994,CC,L,SC,3.0,,1.4,0.9,1.2,0.05,0.15,0.10,,0.02,0.04,0.03,,0.10,0.13,0.13,,0.22,1994-08-30,""
AS006,2,"MACKCC-L",1994,CC,L,SC,6.0,,2.8,3.1,2.7,0.09,0.20,0.14,,0.12,0.22,0.08,,0.14,0.18,0.19,,0.42,1994-08-30,""
AS006,2,"MACKCC-L",1995,CC,L,C,2.0,30.4,4.2,3.7,1.1,0.30,0.14,0.21,,0.45,0.32,0.16,,0.08,0.10,0.15,,0.62,1995-08-30,""
AS006,2,"MACKCC-L",1995,CC,L,C,5.0,9.7,2.1,2.3,4.2,0.16,0.21,0.15,,0.17,0.13,0.12,,0.17,0.11,0.12,,0.27,1995-08-30,""
AS006,2,"MACKCC-L",1995,CC,L,P,1.0,7.4,2.5,2.6,1.7,0.17,0.14,0.17,,0.27,0.03,0.18,,0.26,0.26,0.22,,0.39,1995-08-30,""
AS006,2,"MACKCC-L",1995,CC,L,P,4.0,6.5,2.5,2.3,2.1,0.08,0.22,0.12,,0.14,0.28,0.26,,0.08,0.21,0.40,,0.42,1995-08-30,""
AS006,2,"MACKCC-L",1995,CC,L,SC,3.0,25.3,1.4,0.4,0.4,0.02,0.06,,,0.11,0.08,,,0.05,0.04,,,0.24,1995-08-30,""
AS006,2,"MACKCC-L",1995,CC,L,SC,6.0,26.2,2.8,3.2,2.6,0.10,0.14,0.13,,0.14,0.31,0.10,,0.06,0.14,0.10,,0.42,1995-08-30,""
AS006,2,"MACKCC-L",1996,CC,L,C,1.0,45.6,6.1,4.3,5.3,0.09,0.17,0.15,,0.31,0.27,0.14,,0.08,0.24,0.19,,0.49,1996-08-27,"11 transects taken; top, middle bottom only here"
AS006,2,"MACKCC-L",1996,CC,L,SC,2.0,32.0,4.9,2.1,3.1,0.06,0.08,0.04,,0.20,0.15,0.09,,0.06,0.19,0.07,,0.29,1996-08-27,"8 transects taken; top, middle bottom only here"
AS006,2,"MACKCC-L",1997,CC,L,C,1.0,45.6,5.9,3.0,4.8,0.07,0.15,0.20,,0.15,0.27,0.50,,0.23,0.35,0.11,,0.79,1997-08-26,"10 transects taken; top, middle bottom only here"
AS006,2,"MACKCC-L",1997,CC,L,SC,2.0,32.0,3.4,2.6,2.4,0.70,0.16,0.06,,0.15,0.08,0.11,,0.23,0.10,0.16,,0.37,1997-08-26,"6 transects taken; top, middle bottom only here"
AS006,2,"MACKCC-L",1998,CC,L,C,1.0,39.8,4.2,6.9,2.9,0.19,0.36,0.03,,0.04,0.08,0.10,,0.11,0.14,0.08,,0.70,1998-09-04,"9 transects taken; top, middle bottom only here"
AS006,2,"MACKCC-L",1998,CC,L,SC,2.0,33.0,5.7,1.7,1.7,0.03,0.04,0.02,,0.01,0.06,0.09,,0.06,0.24,0.25,,0.28,1998-09-04,"6 transects taken; top, middle bottom only here"
AS006,2,"MACKCC-L",1999,CC,L,C,1.0,47.0,6.6,5.9,5.4,0.09,0.12,0.08,,0.12,0.26,0.19,,0.30,0.29,0.06,,0.52,1999-08-31,"9 transects taken; top, middle bottom only here"
AS006,2,"MACKCC-L",1999,CC,L,SC,2.0,36.5,1.9,2.7,1.5,0.10,0.06,0.08,,0.10,0.10,0.03,,0.14,0.11,0.06,,0.23,1999-08-31,"6 transects taken; top, middle bottom only here"
AS006,2,"MACKCC-L",2011,CC,L,C,1.0,15.5,6.6,6.7,6.0,0.16,0.16,0.16,0.10,0.11,0.25,0.08,0.05,0.19,0.22,0.26,0.28,0.64,2011-09-12,""
AS006,2,"MACKCC-L",2011,CC,L,C,3.0,38.6,5.2,4.7,3.7,0.16,0.17,0.17,0.12,0.17,0.10,0.15,0.42,0.16,0.21,0.44,0.18,0.46,2011-09-12,""
AS006,2,"MACKCC-L",2011,CC,L,SC,2.0,37.5,4.5,5.4,2.3,0.20,0.20,0.02,0.05,0.10,0.11,0.18,0.27,0.06,0.29,0.12,0.15,0.44,2011-09-12,""
AS006,2,"MACKCC-L",2012,CC,L,C,1.0,16.6,6.6,6.2,4.7,0.27,0.19,0.06,0.17,0.25,0.14,0.14,0.25,0.15,,,,0.46,2012-09-04,""
AS006,2,"MACKCC-L",2012,CC,L,C,3.0,36.2,5.6,4.6,2.9,0.32,0.08,0.21,0.18,0.15,0.11,0.11,0.41,0.14,0.17,0.06,0.19,0.41,2012-09-04,""
AS006,2,"MACKCC-L",2012,CC,L,SC,2.0,37.1,3.9,5.5,4.1,0.22,0.06,0.07,0.05,0.08,0.05,0.20,0.29,0.12,0.15,0.19,0.23,0.36,2012-09-04,""
AS006,2,"MACKCC-L",2013,CC,L,C,1.0,14.5,6.5,6.2,6.8,0.16,0.14,0.22,0.29,0.11,0.14,0.31,0.29,0.13,0.18,0.21,0.09,0.62,2013-09-03,""
AS006,2,"MACKCC-L",2013,CC,L,C,3.0,34.6,4.7,4.7,2.4,0.17,0.20,0.06,0.11,0.20,0.10,0.10,0.24,0.28,0.05,0.10,0.08,0.53,2013-09-03,""
AS006,2,"MACKCC-L",2013,CC,L,SC,2.0,35.0,4.8,4.7,4.0,0.16,0.05,0.09,0.03,0.11,0.12,0.11,0.21,0.07,0.03,0.11,0.09,0.36,2013-09-03,""
AS006,2,"MACKCC-L",2014,CC,L,C,1.0,15.3,6.9,7.0,4.5,0.13,0.27,0.16,0.13,0.08,0.21,0.14,0.19,0.13,,,,0.54,2014-09-08,""
AS006,2,"MACKCC-L",2014,CC,L,C,3.0,35.9,5.9,3.3,2.7,0.28,0.17,0.27,0.20,0.19,0.08,0.23,0.26,0.16,0.24,0.18,0.16,0.50,2014-09-08,""
AS006,2,"MACKCC-L",2014,CC,L,SC,2.0,36.2,5.9,4.5,4.2,0.12,0.07,0.20,0.13,0.12,0.07,0.18,0.27,0.19,0.07,0.03,0.06,0.35,2014-09-08,""
AS006,2,"MACKCC-L",2015,CC,L,C,1.0,18.6,6.6,6.9,5.7,0.08,0.16,0.23,0.24,0.21,0.19,0.15,0.10,0.26,0.20,0.10,0.14,0.37,2015-08-31,""
AS006,2,"MACKCC-L",2015,CC,L,C,3.0,35.5,4.6,4.7,2.2,0.10,0.04,0.08,0.07,0.23,0.11,0.05,0.38,0.20,0.11,0.06,0.21,0.44,2015-08-31,""
AS006,2,"MACKCC-L",2015,CC,L,SC,2.0,36.9,4.5,4.7,3.6,0.08,0.12,0.17,0.07,0.03,0.08,0.12,0.04,0.08,0.18,0.02,0.13,0.34,2015-08-31,""
AS006,2,"MACKCC-M",1987,CC,M,C,8.0,,,,,,,,,,,,,,,,,,1987-10-07,""
AS006,2,"MACKCC-M",1987,CC,M,C,11.0,,,,,,,,,,,,,,,,,,1987-10-07,""
AS006,2,"MACKCC-M",1987,CC,M,P,7.0,,,,,,,,,,,,,,,,,,1987-10-07,""
AS006,2,"MACKCC-M",1987,CC,M,P,10.0,,,,,,,,,,,,,,,,,,1987-10-07,""
AS006,2,"MACKCC-M",1987,CC,M,SC,9.0,,,,,,,,,,,,,,,,,,1987-10-07,""
AS006,2,"MACKCC-M",1988,CC,M,,,,,,,,,,,,,,,,,,,,1988-08-30,""
AS006,2,"MACKCC-M",1989,CC,M,,,,,,,,,,,,,,,,,,,,1989-09-06,""
AS006,2,"MACKCC-M",1990,CC,M,C,8.0,,,,,,,,,,,,,,,,,,1990-08-15,""
AS006,2,"MACKCC-M",1990,CC,M,C,11.0,,,,,,,,,,,,,,,,,,1990-08-15,""
AS006,2,"MACKCC-M",1990,CC,M,P,7.0,,,,,,,,,,,,,,,,,,1990-08-15,""
AS006,2,"MACKCC-M",1990,CC,M,P,10.0,,,,,,,,,,,,,,,,,,1990-08-15,""
AS006,2,"MACKCC-M",1990,CC,M,SC,9.0,,,,,,,,,,,,,,,,,,1990-08-15,""
AS006,2,"MACKCC-M",1991,CC,M,C,8.0,,,,,,,,,,,,,,,,,,1991-09-05,""
AS006,2,"MACKCC-M",1991,CC,M,C,11.0,,,,,,,,,,,,,,,,,,1991-09-05,""
AS006,2,"MACKCC-M",1991,CC,M,P,7.0,,,,,,,,,,,,,,,,,,1991-09-05,""
AS006,2,"MACKCC-M",1991,CC,M,P,10.0,,,,,,,,,,,,,,,,,,1991-09-05,""
AS006,2,"MACKCC-M",1991,CC,M,SC,9.0,,,,,,,,,,,,,,,,,,1991-09-05,""
AS006,2,"MACKCC-M",1992,CC,M,C,8.0,18.8,4.6,2.7,2.9,0.20,0.13,0.34,,0.09,0.22,0.10,,0.10,0.27,0.22,,0.50,1992-09-01,""
AS006,2,"MACKCC-M",1992,CC,M,C,11.0,14.3,3.4,3.5,3.3,0.17,0.13,0.35,,0.11,0.10,0.16,,0.18,0.23,0.13,,0.35,1992-09-01,""
AS006,2,"MACKCC-M",1992,CC,M,P,7.0,6.4,2.9,3.8,2.9,0.11,0.25,0.24,,0.34,0.34,0.29,,0.25,0.24,0.24,,0.40,1992-09-01,""
AS006,2,"MACKCC-M",1992,CC,M,P,10.0,9.4,4.6,4.1,3.4,0.24,0.22,0.19,,0.23,0.30,0.11,,0.20,0.34,0.41,,0.45,1992-09-01,""
AS006,2,"MACKCC-M",1992,CC,M,SC,9.0,37.4,0.5,2.4,2.5,0.04,0.04,0.04,,0.21,0.18,0.23,,0.28,0.33,0.17,,0.35,1992-09-01,""
AS006,2,"MACKCC-M",1993,CC,M,,,,,,,,,,,,,,,,,,,,1993-09-01,""
AS006,2,"MACKCC-M",1994,CC,M,C,8.0,,3.2,3.8,4.2,0.20,0.17,0.26,,0.14,0.21,0.28,,0.09,0.26,0.21,,0.42,1994-08-30,""
AS006,2,"MACKCC-M",1994,CC,M,C,11.0,,3.9,4.5,4.5,0.15,0.14,0.20,,0.08,0.11,0.12,,0.09,0.12,0.15,,0.36,1994-08-30,""
AS006,2,"MACKCC-M",1994,CC,M,P,7.0,,3.3,3.4,3.7,0.19,0.21,0.18,,0.15,0.25,0.22,,0.19,0.39,0.30,,0.42,1994-08-30,""
AS006,2,"MACKCC-M",1994,CC,M,P,10.0,,3.6,3.9,3.0,0.27,0.26,0.18,,0.25,0.25,0.39,,0.35,0.34,0.27,,0.40,1994-08-30,""
AS006,2,"MACKCC-M",1994,CC,M,SC,9.0,,0.6,0.8,1.3,0.02,0.03,0.01,,0.03,0.05,0.05,,0.05,0.03,0.04,,0.33,1994-08-30,""
AS006,2,"MACKCC-M",1995,CC,M,C,8.0,22.0,3.5,3.7,3.8,0.28,0.12,0.10,,0.08,0.13,0.32,,0.06,0.10,0.06,,0.42,1995-08-30,""
AS006,2,"MACKCC-M",1995,CC,M,C,11.0,12.3,1.7,2.2,3.2,0.16,0.23,0.19,,0.22,0.28,0.29,,0.05,0.12,0.20,,0.30,1995-08-30,""
AS006,2,"MACKCC-M",1995,CC,M,P,7.0,4.3,3.1,3.8,3.8,0.15,0.23,0.08,,0.29,0.33,0.28,,0.08,0.39,0.10,,0.40,1995-08-30,""
AS006,2,"MACKCC-M",1995,CC,M,P,10.0,6.2,3.6,4.6,2.8,0.13,0.26,0.15,,0.11,0.27,0.13,,0.25,0.77,0.42,,0.82,1995-08-30,""
AS006,2,"MACKCC-M",1995,CC,M,SC,9.0,,,,,,,,,,,,,,,,,,1995-08-30,""
AS006,2,"MACKCC-M",1996,CC,M,C,5.0,37.7,3.4,2.9,4.9,0.18,0.36,0.18,,0.02,0.30,0.18,,0.05,0.05,0.19,,0.62,1996-08-27,"9 transects taken; top, middle bottom only here"
AS006,2,"MACKCC-M",1996,CC,M,P,3.0,7.2,5.6,4.1,4.0,0.35,0.31,0.14,,0.24,0.44,0.39,,0.45,0.27,0.51,,0.82,1996-08-27,""
AS006,2,"MACKCC-M",1996,CC,M,SC,4.0,30.9,1.4,0.9,0.8,0.07,0.09,0.06,,0.10,0.03,0.06,,0.10,,0.06,,0.50,1996-08-27,"9 transects taken; top, middle bottom only here"
AS006,2,"MACKCC-M",1997,CC,M,C,4.0,39.5,4.5,3.2,2.2,0.18,0.39,0.25,,0.09,0.33,0.40,,0.07,0.15,0.12,,0.42,1997-08-27,"8 transects taken; top, middle bottom only here"
AS006,2,"MACKCC-M",1997,CC,M,P,3.0,8.1,5.4,4.1,3.2,0.27,0.30,0.09,,0.30,0.48,0.37,,0.27,0.49,0.60,,0.73,1997-08-27,""
AS006,2,"MACKCC-M",1997,CC,M,SC,5.0,30.1,1.5,1.2,0.3,0.06,0.17,0.10,,0.03,0.02,0.08,,0.07,0.07,0.08,,0.56,1997-08-27,"6 transects taken; top, middle bottom only here"
AS006,2,"MACKCC-M",1998,CC,M,C,4.0,36.9,3.3,2.6,4.1,0.10,0.34,0.24,,0.06,0.10,0.09,,0.08,0.09,0.05,,0.45,1998-09-04,"6 transects taken; top, middle bottom only here"
AS006,2,"MACKCC-M",1998,CC,M,P,3.0,15.6,4.6,2.7,3.3,0.06,0.11,0.23,,0.13,0.22,0.40,,0.15,0.40,0.45,,0.70,1998-09-04,""
AS006,2,"MACKCC-M",1998,CC,M,SC,5.0,31.5,0.9,1.5,1.9,0.10,0.10,0.01,,0.14,0.18,0.04,,0.15,0.23,0.12,,0.40,1998-09-04,"6 transects taken; top, middle bottom only here"
AS006,2,"MACKCC-M",1999,CC,M,C,4.0,38.5,3.6,3.9,2.5,0.23,0.28,0.27,,0.18,0.27,0.47,,0.36,0.30,0.33,,0.59,1999-08-31,"6 transects taken; top, middle bottom only here"
AS006,2,"MACKCC-M",1999,CC,M,P,3.0,7.6,3.6,4.9,4.7,0.12,0.30,0.17,,0.13,0.23,0.59,,0.37,0.45,0.27,,0.65,1999-08-31,""
AS006,2,"MACKCC-M",1999,CC,M,SC,5.0,17.2,2.1,2.0,0.7,0.03,0.11,0.04,,0.12,0.29,0.10,,0.10,0.09,0.20,,0.34,1999-08-31,"5 transects taken; top, middle bottom only here"
AS006,2,"MACKCC-M",2011,CC,M,C,5.0,18.9,4.3,5.4,7.5,0.12,0.15,0.35,0.17,0.18,0.13,0.09,0.16,0.15,0.25,0.05,0.26,0.45,2011-09-13,""
AS006,2,"MACKCC-M",2011,CC,M,C,7.0,18.0,2.6,2.7,3.2,0.19,0.37,0.15,0.40,0.39,0.15,0.12,0.21,0.12,0.25,0.35,0.33,0.47,2011-09-13,""
AS006,2,"MACKCC-M",2011,CC,M,P,4.0,6.3,5.3,5.1,5.2,0.08,0.22,0.17,0.07,0.10,0.34,0.15,0.32,0.39,0.46,0.48,0.54,0.57,2011-09-13,""
AS006,2,"MACKCC-M",2011,CC,M,P,6.0,8.9,3.0,2.9,1.8,0.21,0.50,0.39,0.38,0.36,0.37,0.09,0.35,0.26,0.52,0.41,0.27,0.61,2011-09-13,"consists of 2 step pools"
AS006,2,"MACKCC-M",2011,CC,M,SC,8.0,2.2,0.5,0.7,0.4,0.13,0.11,0.03,0.12,0.07,0.06,0.04,0.04,0.03,0.07,0.07,0.03,0.13,2011-09-13,"consists of 2 isolated pools"
AS006,2,"MACKCC-M",2012,CC,M,C,5.0,19.7,4.2,6.5,8.0,0.10,0.38,0.17,0.07,0.15,0.08,0.15,0.43,0.20,0.36,0.45,0.19,0.59,2012-09-05,""
AS006,2,"MACKCC-M",2012,CC,M,C,6.0,10.3,5.1,3.8,4.1,0.23,0.56,0.62,0.35,0.43,0.48,0.21,0.24,0.19,0.35,0.10,0.13,0.60,2012-09-05,""
AS006,2,"MACKCC-M",2012,CC,M,C,7.0,9.1,4.4,4.1,7.1,0.08,0.09,0.17,0.11,0.36,0.21,0.16,0.14,0.19,,,,0.38,2012-09-05,""
AS006,2,"MACKCC-M",2012,CC,M,P,4.0,8.1,8.3,5.5,5.1,0.20,0.27,0.14,0.19,0.46,0.54,0.19,0.48,0.63,,,,0.82,2012-09-05,""
AS006,2,"MACKCC-M",2012,CC,M,SC,8.0,25.0,1.3,0.8,1.0,0.09,0.09,0.07,0.16,0.15,0.07,0.15,0.16,0.20,0.15,0.19,0.15,0.38,2012-09-05,""
AS006,2,"MACKCC-M",2013,CC,M,C,5.0,19.5,4.2,5.6,8.3,0.14,0.36,0.13,0.07,0.21,0.18,0.14,0.13,0.06,0.21,0.05,0.17,0.56,2013-09-04,""
AS006,2,"MACKCC-M",2013,CC,M,C,7.0,11.8,2.8,2.4,3.3,0.10,0.09,0.10,0.09,0.07,0.20,0.12,0.24,0.25,0.12,0.10,0.13,0.38,2013-09-04,""
AS006,2,"MACKCC-M",2013,CC,M,P,4.0,7.8,6.5,4.3,4.7,0.13,0.13,0.13,0.07,0.12,0.22,0.19,0.17,0.37,0.30,0.35,0.33,0.71,2013-09-04,""
AS006,2,"MACKCC-M",2013,CC,M,P,6.0,10.0,5.6,2.9,3.7,0.09,0.36,0.43,0.18,0.36,0.33,0.22,0.20,0.16,0.22,0.29,0.29,0.64,2013-09-04,""
AS006,2,"MACKCC-M",2013,CC,M,SC,8.0,26.3,0.7,2.3,2.5,0.01,0.06,0.06,0.02,0.02,0.11,0.02,0.22,0.14,0.10,0.06,0.01,0.32,2013-09-04,""
AS006,2,"MACKCC-M",2014,CC,M,C,5.0,20.2,4.7,4.6,4.1,0.29,0.12,0.09,0.12,0.20,0.15,0.24,0.18,0.18,0.15,0.22,0.17,0.53,2014-09-09,""
AS006,2,"MACKCC-M",2014,CC,M,C,9.0,11.5,2.8,2.7,3.5,0.04,0.05,0.19,0.07,0.08,0.17,0.20,0.29,0.20,0.10,0.15,0.10,0.38,2014-09-09,""
AS006,2,"MACKCC-M",2014,CC,M,P,4.0,7.6,4.3,5.4,5.0,0.16,0.29,0.22,0.17,0.35,0.44,0.10,0.03,0.49,,,,0.77,2014-09-09,""
AS006,2,"MACKCC-M",2014,CC,M,P,6.0,4.1,4.0,4.6,2.9,0.37,0.30,0.39,0.30,0.45,0.36,0.23,0.29,0.31,,,,0.57,2014-09-09,""
AS006,2,"MACKCC-M",2014,CC,M,P,8.0,6.4,3.8,3.2,3.0,0.16,0.11,0.23,0.36,0.16,0.23,0.27,0.35,0.40,0.09,0.09,0.08,0.42,2014-09-09,""
AS006,2,"MACKCC-M",2014,CC,M,SC,7.0,4.1,0.7,0.5,0.6,0.04,0.06,0.03,0.01,0.10,0.01,0.08,0.03,0.06,0.01,0.05,0.02,0.14,2014-09-09,""
AS006,2,"MACKCC-M",2015,CC,M,C,5.0,18.8,2.9,5.7,8.1,0.36,0.07,0.11,0.05,0.08,0.11,0.08,0.15,0.07,0.19,0.10,0.20,0.46,2015-09-01,""
AS006,2,"MACKCC-M",2015,CC,M,C,9.0,10.9,3.2,3.3,2.8,0.09,0.18,0.19,0.06,0.09,0.09,0.21,0.19,0.11,0.21,0.29,0.11,0.32,2015-09-01,""
AS006,2,"MACKCC-M",2015,OG,M,C,11.0,32.6,1.6,3.7,2.8,0.16,0.11,0.06,0.22,0.05,0.05,0.14,0.24,0.18,0.10,0.09,0.24,0.47,2015-09-02,""
AS006,2,"MACKCC-M",2015,CC,M,P,4.0,8.6,3.9,4.2,5.0,0.25,0.19,0.10,0.14,0.06,0.03,0.27,0.23,0.09,0.36,0.41,0.49,0.79,2015-09-01,""
AS006,2,"MACKCC-M",2015,CC,M,P,6.0,3.8,5.2,4.2,3.7,0.32,0.22,0.06,0.40,0.40,0.33,0.28,0.26,0.33,,,,0.51,2015-09-01,""
AS006,2,"MACKCC-M",2015,OG,M,P,7.0,3.8,3.4,2.8,2.1,0.25,0.19,0.12,0.57,0.56,0.18,0.78,0.76,0.43,,,,0.95,2015-09-02,""
AS006,2,"MACKCC-M",2015,CC,M,P,8.0,5.9,3.6,3.2,3.0,0.11,0.17,0.12,0.09,0.26,0.43,0.14,0.58,0.14,,,,0.62,2015-09-01,""
AS006,2,"MACKCC-M",2015,OG,M,P,9.0,5.3,2.0,3.8,2.9,0.12,0.12,0.09,0.26,0.43,0.24,0.30,0.37,0.46,,,,0.51,2015-09-02,""
AS006,2,"MACKCC-M",2015,OG,M,SC,6.0,15.1,1.4,1.3,8.3,0.04,0.04,0.14,0.07,0.18,0.11,0.08,0.06,0.08,0.19,0.38,0.21,0.44,2015-09-02,""
AS006,2,"MACKCC-M",2015,CC,M,SC,7.0,3.3,0.5,0.6,0.5,0.06,0.10,0.08,0.14,0.12,0.15,0.17,0.14,0.10,,,,0.17,2015-09-01,"Consists of 3 small pools"
AS006,2,"MACKCC-M",2015,OG,M,SC,8.0,14.8,1.0,1.9,2.8,0.04,0.04,0.05,0.14,0.23,0.14,0.27,0.47,0.28,0.05,0.07,0.07,0.48,2015-09-02,""
AS006,2,"MACKCC-M",2015,OG,M,SC,10.0,16.5,1.1,1.1,1.1,0.06,0.04,0.05,0.04,0.11,0.10,0.04,0.04,0.05,0.04,0.07,0.07,0.39,2015-09-02,""
AS006,2,"MACKCC-U",1987,CC,U,C,15.0,,,,,,,,,,,,,,,,,,1987-10-07,""
AS006,2,"MACKCC-U",1987,CC,U,C,17.0,,,,,,,,,,,,,,,,,,1987-10-07,""
AS006,2,"MACKCC-U",1987,CC,U,P,16.0,,,,,,,,,,,,,,,,,,1987-10-07,""
AS006,2,"MACKCC-U",1987,CC,U,R,18.0,,,,,,,,,,,,,,,,,,1987-10-07,""
AS006,2,"MACKCC-U",1988,CC,U,,,,,,,,,,,,,,,,,,,,1988-08-30,""
AS006,2,"MACKCC-U",1989,CC,U,,,,,,,,,,,,,,,,,,,,1989-09-06,""
AS006,2,"MACKCC-U",1990,CC,U,C,15.0,,,,,,,,,,,,,,,,,,1990-08-15,""
AS006,2,"MACKCC-U",1990,CC,U,C,17.0,,,,,,,,,,,,,,,,,,1990-08-15,""
AS006,2,"MACKCC-U",1990,CC,U,P,12.0,,,,,,,,,,,,,,,,,,1990-08-15,""
AS006,2,"MACKCC-U",1990,CC,U,P,14.0,,,,,,,,,,,,,,,,,,1990-08-15,""
AS006,2,"MACKCC-U",1990,CC,U,P,16.0,,,,,,,,,,,,,,,,,,1990-08-15,""
AS006,2,"MACKCC-U",1990,CC,U,S,13.0,,,,,,,,,,,,,,,,,,1990-08-15,""
AS006,2,"MACKCC-U",1991,CC,U,C,15.0,,,,,,,,,,,,,,,,,,1991-09-05,""
AS006,2,"MACKCC-U",1991,CC,U,C,17.0,,,,,,,,,,,,,,,,,,1991-09-05,""
AS006,2,"MACKCC-U",1991,CC,U,P,12.0,,,,,,,,,,,,,,,,,,1991-09-05,""
AS006,2,"MACKCC-U",1991,CC,U,P,14.0,,,,,,,,,,,,,,,,,,1991-09-05,""
AS006,2,"MACKCC-U",1991,CC,U,P,16.0,,,,,,,,,,,,,,,,,,1991-09-05,""
AS006,2,"MACKCC-U",1991,CC,U,S,13.0,,,,,,,,,,,,,,,,,,1991-09-05,""
AS006,2,"MACKCC-U",1992,CC,U,C,15.0,23.5,4.7,3.5,3.6,0.10,0.13,0.17,,0.08,0.20,0.20,,0.22,0.17,0.14,,0.40,1992-09-02,""
AS006,2,"MACKCC-U",1992,CC,U,C,17.0,11.3,3.7,2.8,2.1,0.13,0.10,0.06,,0.27,0.22,0.11,,0.07,0.21,0.18,,0.45,1992-09-02,""
AS006,2,"MACKCC-U",1992,CC,U,P,12.0,6.7,4.4,4.0,2.8,0.20,0.22,0.17,,0.23,0.25,0.11,,0.19,0.31,0.15,,0.38,1992-09-02,""
AS006,2,"MACKCC-U",1992,CC,U,P,14.0,5.3,3.0,3.1,1.7,0.33,0.53,0.19,,0.25,0.23,0.27,,0.12,0.18,0.09,,0.55,1992-09-02,""
AS006,2,"MACKCC-U",1992,CC,U,P,16.0,3.8,5.6,4.7,4.4,0.10,0.14,0.38,,0.33,0.33,0.33,,0.15,0.20,0.26,,0.70,1992-09-02,""
AS006,2,"MACKCC-U",1992,CC,U,S,13.0,2.2,3.1,,,0.26,0.06,0.09,,,,,,,,,,0.26,1992-09-02,""
AS006,2,"MACKCC-U",1993,CC,U,,,,,,,,,,,,,,,,,,,,1993-09-01,""
AS006,2,"MACKCC-U",1994,CC,U,C,15.0,,5.5,4.1,3.3,0.18,0.16,0.32,,0.25,0.24,0.09,,0.17,0.18,0.12,,0.42,1994-08-31,""
AS006,2,"MACKCC-U",1994,CC,U,C,17.0,,2.4,2.9,3.5,0.47,0.33,0.31,,0.09,0.15,0.23,,0.17,0.25,0.15,,0.48,1994-08-31,""
AS006,2,"MACKCC-U",1994,CC,U,P,12.0,,4.3,4.2,4.0,0.16,0.15,0.04,,0.20,0.32,0.19,,0.22,0.21,0.26,,0.40,1994-08-31,""
AS006,2,"MACKCC-U",1994,CC,U,P,14.0,,2.3,2.9,1.7,0.15,0.33,0.10,,0.32,0.47,0.36,,0.22,0.18,0.07,,0.48,1994-08-31,""
AS006,2,"MACKCC-U",1994,CC,U,P,16.0,,2.1,5.0,4.7,0.12,0.18,0.17,,0.34,0.13,0.22,,0.27,0.48,0.29,,0.52,1994-08-31,""
AS006,2,"MACKCC-U",1994,CC,U,S,13.0,,2.8,,,0.25,0.08,0.09,,,,,,,,,,0.27,1994-08-31,""
AS006,2,"MACKCC-U",1995,CC,U,C,15.0,23.6,3.2,3.4,3.1,0.19,0.26,0.06,,0.07,0.25,0.26,,0.13,0.19,0.10,,0.42,1995-08-31,""
AS006,2,"MACKCC-U",1995,CC,U,C,17.0,10.9,4.1,2.6,3.1,0.10,0.12,0.13,,0.20,0.28,0.26,,0.12,0.38,0.20,,0.45,1995-08-31,""
AS006,2,"MACKCC-U",1995,CC,U,P,12.0,5.9,2.8,3.1,3.8,0.25,0.11,0.19,,0.25,0.27,0.20,,0.28,0.25,0.21,,0.30,1995-08-31,""
AS006,2,"MACKCC-U",1995,CC,U,P,14.0,4.6,2.9,3.7,3.4,0.18,0.44,0.50,,0.28,0.19,0.18,,0.08,0.47,0.18,,0.47,1995-08-31,""
AS006,2,"MACKCC-U",1995,CC,U,P,16.0,3.7,5.6,6.0,4.7,0.38,0.19,0.30,,0.33,0.44,0.43,,0.39,0.42,0.48,,0.50,1995-08-31,""
AS006,2,"MACKCC-U",1995,CC,U,S,13.0,4.0,3.2,,,0.05,0.36,0.09,,,,,,,,,,0.36,1995-08-31,""
AS006,2,"MACKCC-U",1996,CC,U,C,6.0,40.0,4.5,3.5,3.3,0.31,0.31,0.02,,0.13,0.05,0.18,,0.17,0.16,0.18,,0.61,1996-08-27,"7 transects taken; top, middle bottom only here"
AS006,2,"MACKCC-U",1996,CC,U,P,8.0,8.8,6.5,3.7,4.0,0.11,0.17,0.06,,0.24,0.50,0.68,,0.05,0.74,0.11,,0.78,1996-08-27,""
AS006,2,"MACKCC-U",1996,CC,U,SC,7.0,13.4,1.0,0.5,1.1,0.01,0.07,0.02,,0.12,0.11,0.04,,0.13,0.12,0.05,,0.15,1996-08-27,""
AS006,2,"MACKCC-U",1997,CC,U,C,6.0,20.4,5.0,6.6,2.3,0.06,0.15,0.28,,0.23,0.39,0.30,,0.14,0.14,0.09,,0.64,1997-08-27,"4 transects taken; top, middle bottom only here"
AS006,2,"MACKCC-U",1997,CC,U,C,9.0,10.3,5.0,4.1,3.1,0.60,0.26,0.22,,0.30,0.37,0.28,,0.33,0.36,0.49,,0.59,1997-08-27,""
AS006,2,"MACKCC-U",1997,CC,U,C,11.0,1.5,4.8,,,0.05,0.12,0.13,,,,,,,,,,0.13,1997-08-27,""
AS006,2,"MACKCC-U",1997,CC,U,P,7.0,7.3,3.9,4.5,4.4,0.19,0.33,0.16,,0.25,0.55,0.38,,0.14,0.52,0.12,,0.55,1997-08-27,""
AS006,2,"MACKCC-U",1997,CC,U,P,10.0,9.3,5.9,3.7,4.3,0.15,0.14,0.05,,0.33,0.39,0.09,,0.41,0.63,0.31,,0.83,1997-08-27,""
AS006,2,"MACKCC-U",1997,CC,U,SC,8.0,19.8,1.3,1.1,0.7,0.08,0.07,0.05,,0.11,0.07,0.03,,0.16,0.14,0.06,,0.24,1997-08-27,"10 transects taken; top, middle bottom only here"
AS006,2,"MACKCC-U",1998,CC,U,C,6.0,20.4,6.3,4.6,4.2,0.03,0.26,0.30,,0.08,0.15,0.03,,0.01,0.10,0.10,,0.38,1998-09-09,""
AS006,2,"MACKCC-U",1998,CC,U,C,9.0,13.2,4.6,4.1,3.3,0.09,0.11,0.21,,0.02,0.45,0.12,,0.30,0.35,0.16,,0.54,1998-09-09,""
AS006,2,"MACKCC-U",1998,CC,U,P,7.0,7.3,3.5,5.2,3.2,0.04,0.20,0.10,,0.10,0.50,0.22,,0.08,0.35,0.05,,0.54,1998-09-09,""
AS006,2,"MACKCC-U",1998,CC,U,P,10.0,9.8,6.3,4.3,3.3,0.12,0.17,0.08,,0.27,0.52,0.18,,0.36,0.60,0.02,,0.65,1998-09-09,""
AS006,2,"MACKCC-U",1998,CC,U,SC,8.0,9.0,1.0,0.7,1.0,0.07,,,,0.15,,,,0.13,,,,0.15,1998-09-09,""
AS006,2,"MACKCC-U",1999,CC,U,C,6.0,21.3,5.3,4.8,4.4,0.23,0.38,0.10,,0.08,0.21,0.10,,0.25,0.23,0.15,,0.39,1999-09-01,""
AS006,2,"MACKCC-U",1999,CC,U,C,9.0,11.3,4.9,4.2,4.9,0.22,0.10,0.09,,0.41,0.34,0.14,,0.37,0.13,0.11,,0.69,1999-09-01,""
AS006,2,"MACKCC-U",1999,CC,U,P,7.0,7.1,3.9,5.4,4.6,0.08,0.22,0.24,,0.44,0.56,0.30,,0.22,0.25,0.22,,0.66,1999-09-01,""
AS006,2,"MACKCC-U",1999,CC,U,P,10.0,11.6,7.0,3.6,3.1,0.16,0.19,0.17,,0.22,0.50,0.29,,0.10,0.46,0.23,,0.76,1999-09-01,""
AS006,2,"MACKCC-U",1999,CC,U,SC,8.0,13.8,1.7,1.1,1.3,0.11,0.09,0.23,,0.11,0.13,0.19,,0.13,0.18,0.11,,0.23,1999-09-01,"5 transects taken; top, middle bottom only here"
AS006,2,"MACKCC-U",2011,CC,U,C,7.0,32.6,6.4,6.7,7.7,0.28,0.21,0.15,0.23,0.21,0.14,0.12,0.14,0.34,0.20,0.08,0.20,0.57,2011-09-13,""
AS006,2,"MACKCC-U",2011,CC,U,C,9.0,13.1,3.5,3.6,4.5,0.21,0.17,0.12,0.09,0.17,0.06,0.23,0.09,0.11,0.15,0.09,0.29,0.57,2011-09-13,""
AS006,2,"MACKCC-U",2011,CC,U,P,8.0,6.6,4.0,4.3,4.1,0.19,0.21,0.25,0.11,0.43,0.21,0.46,0.32,0.07,,,,0.60,2011-09-13,""
AS006,2,"MACKCC-U",2011,CC,U,SC,10.0,4.2,0.7,0.7,0.4,0.14,0.13,0.09,0.22,0.14,0.08,0.12,0.14,0.13,0.10,0.19,0.12,0.27,2011-09-13,"consists of 3 isolated pools"
AS006,2,"MACKCC-U",2012,CC,U,C,7.0,33.8,5.1,7.5,5.6,0.13,0.17,0.19,0.07,0.11,0.17,0.23,0.05,0.13,0.05,0.12,0.08,0.50,2012-09-05,""
AS006,2,"MACKCC-U",2012,CC,U,C,10.0,12.9,3.5,3.4,4.8,0.02,0.24,0.11,0.10,0.38,0.12,0.13,0.12,0.25,0.15,0.38,0.14,0.55,2012-09-05,""
AS006,2,"MACKCC-U",2012,CC,U,P,9.0,5.2,4.3,4.7,4.0,0.26,0.30,0.14,0.06,0.44,0.38,0.14,0.65,0.50,,,,0.65,2012-09-05,""
AS006,2,"MACKCC-U",2012,CC,U,SC,8.0,15.6,1.1,0.8,0.7,0.16,0.16,0.12,0.17,0.12,0.09,0.02,0.02,0.01,,,,0.21,2012-09-05,""
AS006,2,"MACKCC-U",2013,CC,U,C,7.0,33.6,5.3,5.2,6.5,0.08,0.14,0.17,0.07,0.13,0.21,0.19,0.24,0.10,0.20,0.09,0.17,0.55,2013-09-04,""
AS006,2,"MACKCC-U",2013,CC,U,C,9.0,12.4,3.1,2.9,3.7,0.06,0.19,0.11,0.05,0.21,0.13,0.14,0.20,0.45,0.26,0.23,0.05,0.61,2013-09-04,""
AS006,2,"MACKCC-U",2013,CC,U,P,8.0,4.3,4.1,4.1,4.2,0.12,0.31,0.26,0.16,0.17,0.14,0.14,0.39,0.34,0.20,0.43,0.52,0.63,2013-09-04,""
AS006,2,"MACKCC-U",2013,CC,U,SC,10.0,17.6,0.7,1.2,0.7,0.03,0.07,0.05,0.06,0.18,0.20,0.03,0.13,0.21,0.06,0.03,0.04,0.22,2013-09-04,""
AS006,2,"MACKCC-U",2014,CC,U,C,9.0,31.2,6.4,5.4,8.1,0.19,0.06,0.16,0.11,0.18,0.16,0.16,0.17,0.09,0.09,0.27,0.21,0.52,2014-09-09,""
AS006,2,"MACKCC-U",2014,CC,U,C,12.0,12.5,3.8,2.9,4.9,0.10,0.09,0.21,0.08,0.02,0.11,0.21,0.25,0.15,0.15,0.13,0.13,0.60,2014-09-09,""
AS006,2,"MACKCC-U",2014,CC,U,P,11.0,6.4,3.3,4.3,3.2,0.24,0.19,0.08,0.19,0.41,0.34,0.20,0.19,0.43,,,,0.69,2014-09-09,""
AS006,2,"MACKCC-U",2014,CC,U,SC,10.0,4.3,0.6,1.1,0.6,0.15,0.22,0.07,0.18,0.20,0.06,0.12,0.13,0.12,,,,0.24,2014-09-09,""
AS006,2,"MACKCC-U",2015,CC,U,C,9.0,32.9,5.7,8.1,7.0,0.19,0.10,0.26,0.08,0.15,0.07,0.08,0.09,0.05,0.06,0.05,0.24,0.49,2015-09-01,""
AS006,2,"MACKCC-U",2015,CC,U,C,12.0,11.4,3.4,3.2,5.7,0.13,0.06,0.11,0.04,0.15,0.21,0.32,0.23,0.23,0.27,0.31,0.22,0.49,2015-09-01,""
AS006,2,"MACKCC-U",2015,OG,U,C,14.0,18.4,1.7,3.1,4.3,0.08,0.04,0.16,0.12,0.35,0.20,0.21,0.35,0.13,0.31,0.16,0.07,0.56,2015-09-03,""
AS006,2,"MACKCC-U",2015,OG,U,C,16.0,25.3,4.3,7.4,4.7,0.10,0.12,0.17,0.05,0.23,0.13,0.06,0.13,0.16,0.14,0.12,0.19,0.36,2015-09-03,""
AS006,2,"MACKCC-U",2015,CC,U,P,11.0,7.3,6.3,4.1,4.3,0.16,0.12,0.14,0.12,0.20,0.21,0.19,0.38,0.04,,,,0.59,2015-09-01,""
AS006,2,"MACKCC-U",2015,OG,U,P,12.0,8.2,4.4,4.3,1.4,0.14,0.19,0.22,0.15,0.23,0.18,0.17,0.23,0.27,0.27,0.31,0.19,0.47,2015-09-03,""
AS006,2,"MACKCC-U",2015,OG,U,P,15.0,6.8,5.7,5.9,3.3,0.19,0.31,0.28,0.30,0.20,0.23,0.18,0.38,0.31,,,,0.53,2015-09-03,""
AS006,2,"MACKCC-U",2015,CC,U,SC,10.0,6.6,0.4,0.8,0.7,0.03,0.04,0.02,0.06,0.08,0.03,0.13,0.14,0.11,0.19,0.17,0.10,0.19,2015-09-01,"Consists of 5 small pools"
AS006,2,"MACKCC-U",2015,OG,U,SC,13.0,7.5,0.6,0.2,0.2,0.18,0.09,0.10,0.03,0.05,0.03,0.04,0.11,0.12,0.11,0.07,0.10,0.18,2015-09-03,""
AS006,2,"MACKOG-L",1987,OG,L,C,3.0,,,,,,,,,,,,,,,,,,1987-10-06,""
AS006,2,"MACKOG-L",1987,OG,L,C,6.0,,,,,,,,,,,,,,,,,,1987-10-06,""
AS006,2,"MACKOG-L",1987,OG,L,I,4.0,,,,,,,,,,,,,,,,,,1987-10-06,""
AS006,2,"MACKOG-L",1987,OG,L,P,2.0,,,,,,,,,,,,,,,,,,1987-10-06,""
AS006,2,"MACKOG-L",1987,OG,L,P,5.0,,,,,,,,,,,,,,,,,,1987-10-06,""
AS006,2,"MACKOG-L",1987,OG,L,R,1.0,,,,,,,,,,,,,,,,,,1987-10-06,""
AS006,2,"MACKOG-L",1988,OG,L,,,,,,,,,,,,,,,,,,,,1988-08-29,""
AS006,2,"MACKOG-L",1989,OG,L,,,,,,,,,,,,,,,,,,,,1989-09-07,""
AS006,2,"MACKOG-L",1990,OG,L,C,2.0,,,,,,,,,,,,,,,,,,1990-08-16,""
AS006,2,"MACKOG-L",1990,OG,L,C,6.0,,,,,,,,,,,,,,,,,,1990-08-16,""
AS006,2,"MACKOG-L",1990,OG,L,IP,5.0,,,,,,,,,,,,,,,,,,1990-08-16,""
AS006,2,"MACKOG-L",1990,OG,L,P,1.0,,,,,,,,,,,,,,,,,,1990-08-16,""
AS006,2,"MACKOG-L",1990,OG,L,P,3.0,,,,,,,,,,,,,,,,,,1990-08-16,""
AS006,2,"MACKOG-L",1990,OG,L,SC,4.0,,,,,,,,,,,,,,,,,,1990-08-16,""
AS006,2,"MACKOG-L",1991,OG,L,C,2.0,,,,,,,,,,,,,,,,,,1991-09-04,""
AS006,2,"MACKOG-L",1991,OG,L,C,6.0,,,,,,,,,,,,,,,,,,1991-09-04,""
AS006,2,"MACKOG-L",1991,OG,L,IP,5.0,,,,,,,,,,,,,,,,,,1991-09-04,""
AS006,2,"MACKOG-L",1991,OG,L,P,1.0,,,,,,,,,,,,,,,,,,1991-09-04,""
AS006,2,"MACKOG-L",1991,OG,L,P,3.0,,,,,,,,,,,,,,,,,,1991-09-04,""
AS006,2,"MACKOG-L",1991,OG,L,SC,4.0,,,,,,,,,,,,,,,,,,1991-09-04,""
AS006,2,"MACKOG-L",1992,OG,L,C,2.0,17.6,2.8,5.5,4.9,0.18,0.16,0.07,,0.09,0.15,0.21,,0.31,0.06,0.06,,0.43,1992-09-02,""
AS006,2,"MACKOG-L",1992,OG,L,C,6.0,13.6,2.7,4.7,4.9,0.12,0.10,0.04,,0.09,0.19,0.05,,0.03,0.09,0.12,,0.41,1992-09-02,""
AS006,2,"MACKOG-L",1992,OG,L,IP,5.0,2.3,1.2,,,0.13,0.07,0.03,,,,,,,,,,0.15,1992-09-02,""
AS006,2,"MACKOG-L",1992,OG,L,P,1.0,7.1,3.1,4.2,3.0,0.14,0.07,0.18,,0.26,0.25,0.07,,0.16,0.31,0.10,,0.42,1992-09-02,""
AS006,2,"MACKOG-L",1992,OG,L,P,3.0,7.3,4.0,3.7,2.5,0.12,0.16,0.12,,0.25,0.25,0.25,,0.18,0.21,0.23,,0.38,1992-09-02,""
AS006,2,"MACKOG-L",1992,OG,L,SC,4.0,9.8,3.0,1.2,2.2,0.17,0.21,0.06,,0.03,0.08,0.09,,0.17,0.06,0.03,,0.24,1992-09-02,""
AS006,2,"MACKOG-L",1993,OG,L,,,,,,,,,,,,,,,,,,,,1993-09-02,""
AS006,2,"MACKOG-L",1994,OG,L,C,2.0,,3.8,6.5,5.8,0.12,0.14,0.26,,0.08,0.27,0.21,,0.11,0.18,0.07,,0.36,1994-08-31,""
AS006,2,"MACKOG-L",1994,OG,L,C,6.0,,3.6,3.9,8.1,0.10,0.14,0.09,,0.20,0.21,0.16,,0.27,0.15,0.09,,0.43,1994-08-31,""
AS006,2,"MACKOG-L",1994,OG,L,IP,5.0,,2.3,,,0.09,0.09,0.10,,,,,,,,,,0.18,1994-08-31,""
AS006,2,"MACKOG-L",1994,OG,L,P,1.0,,3.7,4.2,2.9,0.12,0.14,0.09,,0.21,0.39,0.34,,0.10,0.24,0.35,,0.45,1994-08-31,""
AS006,2,"MACKOG-L",1994,OG,L,P,3.0,,4.1,3.3,2.2,0.22,0.14,0.06,,0.33,0.30,0.27,,0.14,0.28,0.38,,0.42,1994-08-31,""
AS006,2,"MACKOG-L",1994,OG,L,SC,4.0,,1.4,2.3,1.5,0.02,0.07,0.06,,0.08,0.21,0.08,,0.01,0.01,0.01,,0.25,1994-08-31,""
AS006,2,"MACKOG-L",1995,OG,L,C,2.0,16.3,3.0,5.2,6.1,0.22,0.20,0.20,,0.11,0.15,0.20,,0.22,0.21,0.08,,0.41,1995-08-29,""
AS006,2,"MACKOG-L",1995,OG,L,C,6.0,13.5,3.6,3.6,4.9,0.36,0.09,0.15,,0.17,0.14,0.15,,0.11,0.08,0.14,,0.43,1995-08-29,""
AS006,2,"MACKOG-L",1995,OG,L,IP,5.0,2.6,1.7,,,0.17,0.16,0.09,,,,,,,,,,0.29,1995-08-29,""
AS006,2,"MACKOG-L",1995,OG,L,P,1.0,6.5,4.9,4.0,4.7,0.18,0.29,0.13,,0.16,0.38,0.16,,0.18,0.14,0.09,,0.44,1995-08-29,""
AS006,2,"MACKOG-L",1995,OG,L,P,3.0,6.7,4.0,3.0,4.7,0.13,0.21,0.09,,0.26,0.25,0.15,,0.32,0.07,0.18,,0.35,1995-08-29,""
AS006,2,"MACKOG-L",1995,OG,L,SC,4.0,7.0,2.4,2.1,2.1,,0.20,0.09,,0.06,0.03,0.03,,0.07,0.11,0.02,,0.23,1995-08-29,""
AS006,2,"MACKOG-L",1996,OG,L,C,2.0,16.2,0.9,5.1,6.0,0.06,0.08,0.04,,0.24,0.19,0.19,,0.03,0.09,0.05,,0.42,1996-08-28,""
AS006,2,"MACKOG-L",1996,OG,L,C,6.0,15.4,5.3,5.7,4.3,0.02,0.29,0.36,,0.21,0.12,0.48,,0.19,0.17,0.02,,0.56,1996-08-28,""
AS006,2,"MACKOG-L",1996,OG,L,P,1.0,6.6,2.3,2.4,3.8,0.20,0.29,0.23,,0.36,0.52,0.30,,0.37,0.41,0.48,,0.53,1996-08-28,""
AS006,2,"MACKOG-L",1996,OG,L,P,3.0,6.0,3.1,5.6,4.7,0.25,,0.34,,0.43,0.40,0.57,,0.22,0.47,0.42,,0.75,1996-08-28,""
AS006,2,"MACKOG-L",1996,OG,L,P,5.0,9.1,4.2,3.9,5.9,0.20,0.17,0.11,,0.16,0.36,0.22,,0.20,0.24,0.10,,0.42,1996-08-28,""
AS006,2,"MACKOG-L",1996,OG,L,S,4.0,1.1,,,,,,,,,,,,,,,,,1996-08-28,""
AS006,2,"MACKOG-L",1997,OG,L,C,2.0,9.8,4.7,5.3,5.4,0.22,0.16,0.05,,0.08,0.05,0.19,,0.18,0.12,0.06,,0.34,1997-08-25,""
AS006,2,"MACKOG-L",1997,OG,L,C,5.0,12.8,5.4,4.9,3.0,0.06,0.09,0.04,,0.17,0.02,0.06,,0.19,0.10,0.08,,0.41,1997-08-25,"6 transects taken; top, middle bottom only here"
AS006,2,"MACKOG-L",1997,OG,L,P,1.0,8.8,2.8,3.1,4.2,0.54,0.46,0.19,,0.27,0.33,0.13,,0.23,0.18,0.12,,0.59,1997-08-25,""
AS006,2,"MACKOG-L",1997,OG,L,P,3.0,6.0,4.9,5.4,6.3,0.19,0.36,0.40,,0.33,0.60,0.57,,0.50,0.64,0.53,,0.89,1997-08-25,""
AS006,2,"MACKOG-L",1997,OG,L,P,4.0,9.2,3.4,4.3,4.8,0.11,0.09,0.07,,0.08,0.06,0.23,,0.07,0.29,0.17,,0.42,1997-08-25,""
AS006,2,"MACKOG-L",1998,OG,L,C,2.0,10.4,2.4,2.8,5.4,0.08,0.14,0.07,,0.05,0.10,0.15,,0.11,0.15,0.14,,0.31,1998-09-02,""
AS006,2,"MACKOG-L",1998,OG,L,C,5.0,11.7,5.1,5.2,4.1,0.07,0.05,0.02,,0.21,0.24,0.19,,0.06,0.10,0.24,,0.25,1998-09-02,""
AS006,2,"MACKOG-L",1998,OG,L,P,1.0,8.0,2.1,3.2,2.7,0.21,0.31,0.17,,0.15,0.27,0.26,,0.18,0.14,0.30,,0.48,1998-09-02,""
AS006,2,"MACKOG-L",1998,OG,L,P,3.0,4.2,3.4,4.5,4.9,0.24,0.53,0.02,,0.31,0.60,0.47,,0.47,0.61,0.28,,0.88,1998-09-02,""
AS006,2,"MACKOG-L",1998,OG,L,P,4.0,8.3,3.7,3.1,6.4,0.08,0.15,0.20,,0.12,0.25,0.18,,0.21,0.29,0.16,,0.30,1998-09-02,""
AS006,2,"MACKOG-L",1999,OG,L,C,2.0,10.4,4.8,4.3,5.9,0.17,0.16,0.02,,0.15,0.17,0.22,,0.05,0.10,0.07,,0.23,1999-09-01,""
AS006,2,"MACKOG-L",1999,OG,L,C,4.0,11.1,4.5,4.7,5.7,0.15,0.16,0.07,,0.03,0.14,0.13,,0.09,0.19,0.19,,0.23,1999-09-01,""
AS006,2,"MACKOG-L",1999,OG,L,P,1.0,7.4,2.4,3.1,4.4,0.38,0.39,0.09,,0.08,0.30,0.34,,0.19,0.05,0.29,,0.50,1999-09-01,""
AS006,2,"MACKOG-L",1999,OG,L,P,3.0,7.8,4.7,6.0,2.9,0.17,0.06,0.17,,0.06,0.23,0.24,,0.24,0.23,0.07,,0.28,1999-09-01,""
AS006,2,"MACKOG-L",1999,OG,L,P,5.0,10.1,5.6,4.8,4.7,0.20,0.09,0.35,,0.16,0.15,0.14,,0.12,0.05,0.13,,0.49,1999-09-01,""
AS006,2,"MACKOG-L",2011,OG,L,C,1.0,10.1,3.7,4.5,3.3,0.37,0.30,0.01,0.11,0.16,0.14,0.25,0.16,0.13,0.21,0.32,0.12,0.44,2011-09-14,""
AS006,2,"MACKOG-L",2011,OG,L,C,3.0,22.0,4.8,5.0,3.4,0.10,0.06,0.18,0.06,0.16,0.13,0.14,0.29,0.19,0.08,0.09,0.09,0.37,2011-09-14,""
AS006,2,"MACKOG-L",2011,OG,L,C,5.0,2.5,5.8,5.1,5.8,0.07,0.16,0.10,0.02,0.16,0.10,0.10,0.17,0.17,,,,0.35,2011-09-14,""
AS006,2,"MACKOG-L",2011,OG,L,P,2.0,6.9,3.8,3.2,3.6,0.42,0.19,0.05,0.13,0.25,0.12,0.22,0.34,0.34,,,,0.44,2011-09-14,""
AS006,2,"MACKOG-L",2011,OG,L,P,4.0,5.1,4.4,4.7,4.3,0.03,0.13,0.33,0.38,0.19,0.08,0.24,0.12,0.19,,,,0.49,2011-09-14,""
AS006,2,"MACKOG-L",2012,OG,L,C,1.0,10.6,4.7,4.9,5.3,0.19,0.17,0.05,0.13,0.22,0.08,0.21,0.29,0.31,,,,0.43,2012-09-06,""
AS006,2,"MACKOG-L",2012,OG,L,C,3.0,23.9,6.2,6.4,5.4,0.15,0.10,0.15,0.26,0.05,0.09,0.08,0.18,0.15,0.11,0.25,0.24,0.41,2012-09-06,""
AS006,2,"MACKOG-L",2012,OG,L,C,5.0,3.5,5.5,4.8,5.1,0.16,0.25,0.10,0.13,0.14,0.08,0.07,0.12,0.11,,,,0.31,2012-09-06,""
AS006,2,"MACKOG-L",2012,OG,L,P,2.0,6.9,4.8,3.4,3.7,0.08,0.16,0.32,0.19,0.30,0.16,0.21,0.38,0.29,,,,0.53,2012-09-06,""
AS006,2,"MACKOG-L",2012,OG,L,P,4.0,5.5,4.6,5.7,4.9,0.06,0.06,0.29,0.35,0.40,0.06,0.29,0.13,0.12,,,,0.48,2012-09-06,""
AS006,2,"MACKOG-L",2013,OG,L,C,1.0,7.8,4.4,4.6,3.0,0.20,0.25,0.04,0.12,0.11,0.19,0.31,0.25,0.12,0.16,0.15,0.14,0.43,2013-09-05,""
AS006,2,"MACKOG-L",2013,OG,L,C,3.0,22.1,6.8,6.1,6.7,0.16,0.08,0.21,0.21,0.05,0.11,0.18,0.18,0.05,0.17,0.27,0.24,0.34,2013-09-05,""
AS006,2,"MACKOG-L",2013,OG,L,C,5.0,2.1,4.1,5.1,4.8,0.22,0.26,0.16,0.11,0.09,0.16,0.03,0.09,0.11,,,,0.29,2013-09-05,""
AS006,2,"MACKOG-L",2013,OG,L,P,2.0,6.7,4.4,4.1,3.2,0.09,0.18,0.11,0.12,0.15,0.04,0.16,0.24,0.14,0.30,0.24,0.17,0.59,2013-09-05,""
AS006,2,"MACKOG-L",2013,OG,L,P,4.0,4.7,4.4,4.1,4.8,0.13,0.17,0.16,0.05,0.44,0.18,0.02,0.16,0.22,0.10,0.38,0.21,0.46,2013-09-05,"Side channel next to P4: Length= 5m, Avg. Width= 0.7m, Avg. Depth= 6cm, Max= 14cm"
AS006,2,"MACKOG-L",2014,OG,L,C,1.0,25.7,5.9,5.2,3.6,0.16,0.33,0.36,0.09,0.11,0.18,0.13,0.37,0.04,0.28,0.18,0.23,0.70,2014-09-10,""
AS006,2,"MACKOG-L",2014,OG,L,C,3.0,7.8,2.8,4.8,5.1,0.17,0.06,0.29,0.18,0.09,0.17,0.02,0.12,0.23,,,,0.32,2014-09-10,""
AS006,2,"MACKOG-L",2014,OG,L,C,5.0,3.2,2.0,4.9,4.9,0.15,0.10,0.09,0.09,0.07,0.03,0.17,0.16,0.19,,,,0.30,2014-09-10,""
AS006,2,"MACKOG-L",2014,OG,L,P,2.0,8.5,3.1,3.4,2.1,0.29,0.18,0.19,0.23,0.15,0.26,0.12,0.16,0.27,,,,0.35,2014-09-10,""
AS006,2,"MACKOG-L",2014,OG,L,P,4.0,5.1,4.4,5.3,4.5,0.15,0.08,0.31,0.13,0.31,0.22,0.14,0.05,0.25,,,,0.41,2014-09-10,""
AS006,2,"MACKOG-L",2015,OG,L,C,1.0,5.5,4.7,4.3,4.5,0.25,0.26,0.16,0.19,0.28,0.22,0.16,0.25,0.22,,,,0.44,2015-09-02,""
AS006,2,"MACKOG-L",2015,OG,L,C,3.0,23.2,6.2,6.4,6.2,0.13,0.09,0.05,0.18,0.07,0.34,0.08,0.32,0.06,0.12,0.21,0.25,0.43,2015-09-02,""
AS006,2,"MACKOG-L",2015,OG,L,C,5.0,2.1,2.1,1.5,1.3,0.10,0.13,0.26,0.11,0.15,0.31,0.08,0.24,0.17,,,,0.37,2015-09-02,""
AS006,2,"MACKOG-L",2015,OG,L,P,2.0,7.0,4.6,3.1,5.2,0.25,0.25,0.09,0.15,0.22,0.12,0.18,0.32,0.62,,,,0.63,2015-09-02,""
AS006,2,"MACKOG-L",2015,OG,L,P,4.0,4.6,7.5,7.8,7.5,0.20,0.17,0.32,0.06,0.04,0.43,0.07,0.17,0.33,,,,0.48,2015-09-02,""
AS006,2,"MACKOG-M",1987,OG,M,C,8.0,,,,,,,,,,,,,,,,,,1987-10-06,""
AS006,2,"MACKOG-M",1987,OG,M,C,10.0,,,,,,,,,,,,,,,,,,1987-10-06,""
AS006,2,"MACKOG-M",1987,OG,M,P,7.0,,,,,,,,,,,,,,,,,,1987-10-06,""
AS006,2,"MACKOG-M",1987,OG,M,P,9.0,,,,,,,,,,,,,,,,,,1987-10-06,""
AS006,2,"MACKOG-M",1988,OG,M,,,,,,,,,,,,,,,,,,,,1988-08-29,""
AS006,2,"MACKOG-M",1989,OG,M,,,,,,,,,,,,,,,,,,,,1989-09-07,""
AS006,2,"MACKOG-M",1990,OG,M,C,9.0,,,,,,,,,,,,,,,,,,1990-08-16,""
AS006,2,"MACKOG-M",1990,OG,M,C,11.0,,,,,,,,,,,,,,,,,,1990-08-16,""
AS006,2,"MACKOG-M",1990,OG,M,IP,12.0,,,,,,,,,,,,,,,,,,1990-08-16,""
AS006,2,"MACKOG-M",1990,OG,M,P,7.0,,,,,,,,,,,,,,,,,,1990-08-16,""
AS006,2,"MACKOG-M",1990,OG,M,P,10.0,,,,,,,,,,,,,,,,,,1990-08-16,""
AS006,2,"MACKOG-M",1990,OG,M,SC,8.0,,,,,,,,,,,,,,,,,,1990-08-16,""
AS006,2,"MACKOG-M",1991,OG,M,C,9.0,,,,,,,,,,,,,,,,,,1991-09-04,""
AS006,2,"MACKOG-M",1991,OG,M,C,11.0,,,,,,,,,,,,,,,,,,1991-09-04,""
AS006,2,"MACKOG-M",1991,OG,M,IP,12.0,,,,,,,,,,,,,,,,,,1991-09-04,""
AS006,2,"MACKOG-M",1991,OG,M,P,7.0,,,,,,,,,,,,,,,,,,1991-09-04,""
AS006,2,"MACKOG-M",1991,OG,M,P,10.0,,,,,,,,,,,,,,,,,,1991-09-04,""
AS006,2,"MACKOG-M",1991,OG,M,SC,8.0,,,,,,,,,,,,,,,,,,1991-09-04,""
AS006,2,"MACKOG-M",1992,OG,M,C,9.0,12.8,3.9,2.6,2.9,0.23,0.21,0.25,,0.21,0.34,0.10,,0.17,0.13,0.13,,0.57,1992-09-03,""
AS006,2,"MACKOG-M",1992,OG,M,C,13.0,16.5,2.3,6.1,4.7,0.15,0.21,0.16,,0.13,0.16,0.05,,0.28,0.20,0.11,,0.48,1992-09-03,""
AS006,2,"MACKOG-M",1992,OG,M,IP,12.0,1.7,0.8,,,0.12,0.10,0.08,,,,,,,,,,0.13,1992-09-03,""
AS006,2,"MACKOG-M",1992,OG,M,P,7.0,6.1,4.0,2.9,2.3,0.10,0.22,0.23,,0.38,0.44,0.27,,0.18,0.42,0.38,,0.50,1992-09-03,""
AS006,2,"MACKOG-M",1992,OG,M,R,11.0,14.3,3.2,5.0,2.8,0.05,0.08,0.08,,0.09,0.18,0.08,,0.18,0.33,0.26,,0.43,1992-09-03,""
AS006,2,"MACKOG-M",1992,OG,M,S,10.0,1.0,,,,,,,,,,,,,,,,,1992-09-03,""
AS006,2,"MACKOG-M",1992,OG,M,SC,8.0,15.2,1.2,1.6,0.6,0.16,0.24,0.21,,0.15,0.26,0.18,,0.21,0.18,0.05,,0.32,1992-09-03,""
AS006,2,"MACKOG-M",1993,OG,M,,,,,,,,,,,,,,,,,,,,1993-09-02,""
AS006,2,"MACKOG-M",1994,OG,M,C,9.0,,3.5,6.6,2.8,0.24,0.25,0.27,,0.17,0.08,0.09,,0.33,0.20,0.16,,0.42,1994-08-31,""
AS006,2,"MACKOG-M",1994,OG,M,C,13.0,,1.8,5.0,6.4,0.29,0.27,0.11,,0.11,0.07,0.19,,0.10,0.18,0.08,,0.43,1994-08-31,""
AS006,2,"MACKOG-M",1994,OG,M,P,7.0,,4.2,2.6,2.7,0.09,0.29,0.06,,0.35,0.44,0.42,,0.61,0.48,0.39,,0.64,1994-08-31,""
AS006,2,"MACKOG-M",1994,OG,M,R,11.0,,5.5,3.4,2.8,0.18,0.29,0.29,,0.15,0.07,0.06,,0.16,0.24,0.06,,0.30,1994-08-31,""
AS006,2,"MACKOG-M",1994,OG,M,SC,8.0,,1.2,1.0,0.7,0.23,0.14,0.10,,0.02,0.01,0.01,,0.11,0.09,0.07,,0.22,1994-08-31,""
AS006,2,"MACKOG-M",1995,OG,M,C,9.0,12.4,4.7,4.9,4.6,0.10,0.17,0.12,,0.03,0.06,0.30,,0.22,0.17,0.11,,0.77,1995-08-29,""
AS006,2,"MACKOG-M",1995,OG,M,C,13.0,14.5,3.4,5.2,7.2,0.10,0.30,0.13,,0.16,0.14,0.21,,0.12,0.18,0.04,,0.40,1995-08-29,""
AS006,2,"MACKOG-M",1995,OG,M,IP,12.0,2.8,1.2,,,0.09,0.07,0.06,,,,,,,,,,0.15,1995-08-29,""
AS006,2,"MACKOG-M",1995,OG,M,P,7.0,6.1,4.4,2.8,3.8,0.04,0.14,0.15,,0.12,0.30,0.24,,0.33,0.41,0.43,,0.48,1995-08-29,""
AS006,2,"MACKOG-M",1995,OG,M,R,11.0,14.4,4.5,4.7,3.1,0.13,0.07,0.11,,0.08,0.22,0.12,,0.10,0.25,0.18,,0.43,1995-08-29,""
AS006,2,"MACKOG-M",1995,OG,M,S,10.0,1.0,2.2,,,0.01,0.17,0.25,,,,,,,,,,0.25,1995-08-29,""
AS006,2,"MACKOG-M",1995,OG,M,SC,8.0,11.5,1.6,0.7,1.8,0.12,0.27,0.26,,0.04,0.07,0.03,,0.01,0.03,0.02,,0.34,1995-08-29,""
AS006,2,"MACKOG-M",1996,OG,M,C,7.0,12.5,2.7,3.5,1.6,0.06,0.14,0.16,,0.18,0.09,0.29,,0.10,0.12,0.06,,0.38,1996-08-28,"5 transects taken; top, middle bottom only here"
AS006,2,"MACKOG-M",1996,OG,M,C,12.0,30.2,2.0,3.3,6.3,0.42,0.33,0.60,,0.10,0.07,0.12,,0.14,0.11,0.24,,0.50,1996-08-28,"5 transects taken; top, middle bottom only here"
AS006,2,"MACKOG-M",1996,OG,M,P,8.0,7.5,3.7,4.4,2.8,0.05,0.21,0.09,,0.15,0.18,0.15,,0.42,0.81,0.09,,0.81,1996-08-28,"5 transects taken; top, middle bottom only here"
AS006,2,"MACKOG-M",1996,OG,M,SC,9.0,28.4,2.9,2.6,2.2,0.06,0.07,0.04,,0.06,0.12,0.05,,0.14,0.28,0.16,,0.70,1996-08-28,"5 transects taken; top, middle bottom only here"
AS006,2,"MACKOG-M",1996,OG,M,SC,10.0,7.9,2.1,1.3,1.2,0.09,0.12,0.04,,0.08,0.05,0.07,,0.11,0.15,0.04,,0.17,1996-08-28,"5 transects taken; top, middle bottom only here"
AS006,2,"MACKOG-M",1996,OG,M,SC,11.0,5.0,2.0,3.0,1.6,0.15,0.11,0.13,,0.10,0.34,0.15,,0.14,0.23,0.14,,0.36,1996-08-28,"5 transects taken; top, middle bottom only here"
AS006,2,"MACKOG-M",1997,OG,M,C,8.0,19.0,1.3,2.5,3.5,0.40,0.23,0.09,,0.06,0.08,0.07,,0.06,0.17,0.14,,0.40,1997-08-25,""
AS006,2,"MACKOG-M",1997,OG,M,P,6.0,6.8,5.6,6.2,2.0,0.20,0.16,0.34,,0.18,0.11,0.41,,0.53,0.56,0.04,,0.64,1997-08-25,""
AS006,2,"MACKOG-M",1997,OG,M,SC,7.0,45.2,1.8,3.2,1.1,0.02,0.25,0.38,,0.01,0.10,0.01,,0.02,0.07,0.09,,0.49,1997-08-25,"18 transects taken; top, middle bottom only here"
AS006,2,"MACKOG-M",1998,OG,M,C,5.0,13.8,4.8,3.1,2.1,0.12,0.08,0.08,,0.14,0.06,0.07,,0.40,0.17,0.13,,0.48,1998-09-02,""
AS006,2,"MACKOG-M",1998,OG,M,C,9.0,15.7,1.1,3.2,1.3,0.07,0.08,0.09,,0.21,0.19,0.07,,0.05,0.04,0.02,,0.25,1998-09-02,"12 transects taken; top, middle bottom only here"
AS006,2,"MACKOG-M",1998,OG,M,P,6.0,8.1,2.8,3.1,2.2,0.23,0.26,0.18,,0.19,0.18,0.14,,0.11,0.44,0.53,,0.58,1998-09-02,""
AS006,2,"MACKOG-M",1998,OG,M,SC,7.0,17.0,0.7,2.0,0.9,0.03,0.18,0.31,,0.17,0.19,0.12,,0.15,0.23,0.14,,0.34,1998-09-02,""
AS006,2,"MACKOG-M",1998,OG,M,SC,8.0,14.5,3.8,1.8,1.0,0.23,0.12,0.09,,0.29,0.17,0.14,,0.13,0.13,0.13,,0.47,1998-09-02,"5 transects taken; top, middle bottom only here"
AS006,2,"MACKOG-M",1999,OG,M,C,6.0,13.4,3.0,2.8,4.0,0.04,0.17,0.05,,0.10,0.18,0.03,,0.05,0.13,0.11,,0.48,1999-09-02,""
AS006,2,"MACKOG-M",1999,OG,M,C,8.0,18.7,2.2,3.8,7.5,0.14,0.14,0.02,,0.06,0.13,0.10,,0.08,0.23,0.30,,0.39,1999-09-02,"4 transects taken; top, middle bottom only here"
AS006,2,"MACKOG-M",1999,OG,M,C,9.0,21.7,2.1,3.1,2.6,0.16,0.13,0.04,,0.14,0.08,0.17,,0.11,0.13,0.06,,0.44,1999-09-02,"4 transects taken; top, middle bottom only here"
AS006,2,"MACKOG-M",1999,OG,M,P,7.0,6.3,6.1,4.7,2.3,0.34,0.17,0.10,,0.06,0.08,0.24,,0.18,0.36,0.41,,0.53,1999-09-02,""
AS006,2,"MACKOG-M",2011,OG,M,C,5.0,13.2,2.9,2.7,3.2,0.17,0.13,0.12,0.10,0.31,0.20,0.13,0.10,0.12,0.29,0.10,0.20,0.31,2011-09-14,""
AS006,2,"MACKOG-M",2011,OG,M,C,11.0,32.0,1.1,2.5,2.2,0.17,0.23,0.06,0.17,0.12,0.05,0.16,0.24,0.17,0.17,0.21,0.28,0.43,2011-09-14,""
AS006,2,"MACKOG-M",2011,OG,M,P,6.0,6.9,2.7,4.1,2.1,0.45,0.80,0.38,0.21,0.48,0.36,0.15,0.23,0.12,,,,0.90,2011-09-14,""
AS006,2,"MACKOG-M",2011,OG,M,P,9.0,6.1,1.5,1.8,1.7,0.06,0.19,0.03,0.18,0.18,0.09,0.18,0.27,0.05,0.15,0.07,0.17,0.31,2011-09-14,""
AS006,2,"MACKOG-M",2011,OG,M,SC,7.0,11.8,1.9,2.7,1.5,0.32,0.44,0.46,0.36,0.27,0.28,0.12,0.17,0.20,0.06,0.03,0.06,0.46,2011-09-14,""
AS006,2,"MACKOG-M",2011,OG,M,SC,8.0,20.9,2.4,2.2,1.9,0.26,0.25,0.09,0.15,0.02,0.05,0.26,0.21,0.11,0.51,0.12,0.59,0.62,2011-09-14,""
AS006,2,"MACKOG-M",2011,OG,M,SC,10.0,16.5,1.4,0.9,2.5,0.09,0.05,0.03,0.05,0.09,0.06,0.08,0.04,0.12,0.15,0.16,0.08,0.48,2011-09-14,""
AS006,2,"MACKOG-M",2012,OG,M,C,5.0,16.2,2.9,3.2,3.7,0.03,0.18,0.11,0.15,0.24,0.18,0.18,0.23,0.09,0.07,0.18,0.12,0.38,2012-09-06,""
AS006,2,"MACKOG-M",2012,OG,M,C,11.0,35.5,0.8,1.0,2.7,0.04,0.14,0.15,0.12,0.16,0.04,0.15,0.04,0.02,0.10,0.23,0.37,0.38,2012-09-06,""
AS006,2,"MACKOG-M",2012,OG,M,P,7.0,4.1,3.4,2.4,2.0,0.30,0.33,0.19,0.27,0.58,0.71,0.78,0.25,0.33,,,,0.88,2012-09-06,""
AS006,2,"MACKOG-M",2012,OG,M,P,9.0,6.2,0.7,3.0,2.3,0.01,0.05,0.01,0.24,0.26,0.36,0.04,0.32,0.04,,,,0.62,2012-09-06,""
AS006,2,"MACKOG-M",2012,OG,M,SC,6.0,29.1,2.2,2.3,1.5,0.12,0.06,0.12,0.17,0.15,0.06,0.04,0.12,0.02,0.18,0.28,0.26,0.44,2012-09-06,""
AS006,2,"MACKOG-M",2012,OG,M,SC,8.0,15.2,0.7,2.8,1.1,0.07,0.09,0.02,0.28,0.58,0.46,0.12,0.16,0.06,,,,0.60,2012-09-06,""
AS006,2,"MACKOG-M",2012,OG,M,SC,10.0,17.8,1.0,1.0,0.6,0.04,0.09,0.10,0.03,0.08,0.06,0.02,0.05,0.01,0.06,0.04,0.04,0.35,2012-09-06,""
AS006,2,"MACKOG-M",2013,OG,M,C,5.0,14.7,3.5,3.0,3.6,0.10,0.12,0.04,0.18,0.31,0.10,0.08,0.15,0.17,0.14,0.12,0.07,0.42,2013-09-05,""
AS006,2,"MACKOG-M",2013,OG,M,C,11.0,32.3,3.5,3.0,4.8,0.19,0.05,0.04,0.22,0.09,0.05,0.16,0.10,0.29,0.10,0.10,0.20,0.56,2013-09-05,""
AS006,2,"MACKOG-M",2013,OG,M,P,6.0,4.6,2.6,2.4,3.9,0.13,0.14,0.24,0.32,0.45,0.42,0.10,0.64,0.79,,,,0.83,2013-09-05,""
AS006,2,"MACKOG-M",2013,OG,M,P,9.0,4.0,2.3,3.1,2.3,0.10,0.12,0.07,0.31,0.24,0.29,0.10,0.47,0.37,,,,0.59,2013-09-05,""
AS006,2,"MACKOG-M",2013,OG,M,SC,7.0,16.7,1.9,6.6,2.8,0.19,0.27,0.17,0.18,0.11,0.16,0.19,0.45,0.25,0.08,0.11,0.07,0.59,2013-09-05,""
AS006,2,"MACKOG-M",2013,OG,M,SC,8.0,11.9,2.2,2.0,8.3,0.18,0.15,0.06,0.04,0.07,0.03,0.09,0.15,0.35,0.03,0.05,0.10,0.42,2013-09-05,""
AS006,2,"MACKOG-M",2013,OG,M,SC,10.0,15.0,3.1,2.5,0.9,0.07,0.19,0.06,0.03,0.09,0.11,0.04,0.08,0.06,0.13,0.06,0.04,0.36,2013-09-05,""
AS006,2,"MACKOG-M",2014,OG,M,C,5.0,14.6,2.4,3.1,3.3,0.12,0.18,0.13,0.13,0.08,0.16,0.23,0.09,0.07,0.06,0.06,0.20,0.34,2014-09-10,""
AS006,2,"MACKOG-M",2014,OG,M,C,10.0,36.4,3.1,3.3,3.5,0.06,0.02,0.21,0.16,0.09,0.09,0.09,0.40,0.19,0.10,0.18,0.13,0.56,2014-09-10,""
AS006,2,"MACKOG-M",2014,OG,M,P,7.0,7.6,4.1,2.9,1.6,0.13,0.37,0.86,0.12,0.88,0.85,0.08,0.27,0.39,,,,0.91,2014-09-10,""
AS006,2,"MACKOG-M",2014,OG,M,P,8.0,5.0,3.0,2.9,2.0,0.07,0.50,0.32,0.19,0.57,0.04,0.21,0.34,0.26,,,,0.62,2014-09-10,""
AS006,2,"MACKOG-M",2014,OG,M,SC,6.0,28.4,3.0,3.2,2.1,0.09,0.21,0.26,0.26,0.06,0.04,0.21,0.36,0.32,0.14,0.11,0.12,0.47,2014-09-10,""
AS006,2,"MACKOG-M",2014,OG,M,SC,9.0,16.8,0.8,1.1,7.2,0.04,0.06,0.30,0.03,0.07,0.06,0.03,0.12,0.10,,,,0.36,2014-09-10,""
AS006,2,"MACKOG-M",2015,OG,M,C,5.0,14.7,3.0,3.3,3.7,0.06,0.14,0.12,0.28,0.20,0.25,0.30,0.09,0.12,0.10,0.10,0.07,0.33,2015-09-02,""
AS006,2,"MACKOG-U",1987,OG,U,C,15.0,,,,,,,,,,,,,,,,,,1987-10-06,""
AS006,2,"MACKOG-U",1987,OG,U,I,11.0,,,,,,,,,,,,,,,,,,1987-10-06,""
AS006,2,"MACKOG-U",1987,OG,U,I,13.0,,,,,,,,,,,,,,,,,,1987-10-06,""
AS006,2,"MACKOG-U",1987,OG,U,IP,12.0,,,,,,,,,,,,,,,,,,1987-10-06,""
AS006,2,"MACKOG-U",1987,OG,U,R,14.0,,,,,,,,,,,,,,,,,,1987-10-06,""
AS006,2,"MACKOG-U",1987,OG,U,R,16.0,,,,,,,,,,,,,,,,,,1987-10-06,""
AS006,2,"MACKOG-U",1988,OG,U,,,,,,,,,,,,,,,,,,,,1988-08-29,""
AS006,2,"MACKOG-U",1989,OG,U,,,,,,,,,,,,,,,,,,,,1989-09-07,""
AS006,2,"MACKOG-U",1990,OG,U,C,11.0,,,,,,,,,,,,,,,,,,1990-08-16,""
AS006,2,"MACKOG-U",1990,OG,U,C,16.0,,,,,,,,,,,,,,,,,,1990-08-16,""
AS006,2,"MACKOG-U",1990,OG,U,IP,14.0,,,,,,,,,,,,,,,,,,1990-08-16,""
AS006,2,"MACKOG-U",1990,OG,U,R,15.0,,,,,,,,,,,,,,,,,,1990-08-16,""
AS006,2,"MACKOG-U",1990,OG,U,SC,13.0,,,,,,,,,,,,,,,,,,1990-08-16,""
AS006,2,"MACKOG-U",1991,OG,U,C,11.0,,,,,,,,,,,,,,,,,,1991-09-04,""
AS006,2,"MACKOG-U",1991,OG,U,C,16.0,,,,,,,,,,,,,,,,,,1991-09-04,""
AS006,2,"MACKOG-U",1991,OG,U,IP,14.0,,,,,,,,,,,,,,,,,,1991-09-04,""
AS006,2,"MACKOG-U",1991,OG,U,R,15.0,,,,,,,,,,,,,,,,,,1991-09-04,""
AS006,2,"MACKOG-U",1991,OG,U,SC,13.0,,,,,,,,,,,,,,,,,,1991-09-04,""
AS006,2,"MACKOG-U",1992,OG,U,C,13.0,20.0,2.3,6.1,4.7,0.15,0.21,0.16,,0.13,0.16,0.05,,0.28,0.20,0.11,,0.48,1992-09-03,""
AS006,2,"MACKOG-U",1992,OG,U,C,17.0,18.1,3.9,4.1,7.7,0.23,0.17,0.15,,0.19,0.30,0.22,,0.08,0.34,0.17,,0.47,1992-09-03,""
AS006,2,"MACKOG-U",1992,OG,U,IP,15.0,4.3,1.6,3.3,2.6,0.14,0.25,0.19,,0.16,0.27,0.15,,0.01,0.30,0.38,,0.39,1992-09-03,""
AS006,2,"MACKOG-U",1992,OG,U,R,16.0,17.1,2.7,2.8,3.3,0.20,0.26,0.28,,0.22,0.20,0.12,,0.21,0.14,0.17,,0.50,1992-09-03,""
AS006,2,"MACKOG-U",1992,OG,U,SC,14.0,8.1,0.8,1.5,0.6,0.12,0.08,0.04,,0.11,0.16,0.18,,0.01,0.08,0.10,,0.30,1992-09-03,""
AS006,2,"MACKOG-U",1993,OG,U,,,,,,,,,,,,,,,,,,,,1993-09-02,""
AS006,2,"MACKOG-U",1994,OG,U,C,13.0,,4.5,7.1,4.0,0.17,0.10,0.32,,0.17,0.19,0.07,,0.20,0.16,0.13,,0.40,1994-08-31,""
AS006,2,"MACKOG-U",1994,OG,U,C,17.0,,3.9,4.1,5.9,0.06,0.23,0.12,,0.09,0.30,0.13,,0.23,0.26,0.10,,0.46,1994-08-31,""
AS006,2,"MACKOG-U",1994,OG,U,IP,15.0,,2.5,,,0.07,0.17,0.08,,,,,,,,,,0.25,1994-08-31,""
AS006,2,"MACKOG-U",1994,OG,U,R,16.0,,2.1,2.3,2.2,0.14,0.20,0.27,,0.17,0.26,0.07,,0.13,0.17,0.19,,0.50,1994-08-31,""
AS006,2,"MACKOG-U",1994,OG,U,SC,14.0,,0.8,,,0.07,0.08,0.10,,,,,,,,,,0.23,1994-08-31,""
AS006,2,"MACKOG-U",1995,OG,U,C,13.0,21.9,5.7,5.1,6.1,0.16,0.21,0.40,,0.25,0.41,0.21,,0.08,0.44,0.14,,0.62,1995-08-29,""
AS006,2,"MACKOG-U",1995,OG,U,C,17.0,14.8,2.7,3.9,3.7,0.11,0.22,0.05,,0.13,0.30,0.07,,0.09,0.35,0.24,,0.58,1995-08-29,""
AS006,2,"MACKOG-U",1995,OG,U,IP,15.0,3.2,2.3,,,0.14,0.19,0.15,,,,,,,,,,0.27,1995-08-29,""
AS006,2,"MACKOG-U",1995,OG,U,R,16.0,16.5,5.2,2.6,2.8,0.24,0.18,0.07,,0.16,0.28,0.22,,0.14,0.32,0.23,,0.52,1995-08-29,""
AS006,2,"MACKOG-U",1995,OG,U,SC,14.0,6.0,1.7,2.4,1.3,0.01,0.02,0.06,,0.05,0.03,0.05,,0.17,0.27,0.23,,0.27,1995-08-29,""
AS006,2,"MACKOG-U",1996,OG,U,C,13.0,15.3,2.6,4.0,4.2,0.13,0.26,0.22,,0.32,0.54,0.47,,0.13,0.12,0.12,,0.59,1996-08-28,""
AS006,2,"MACKOG-U",1996,OG,U,C,17.0,41.0,4.3,4.2,6.4,0.33,0.30,0.14,,0.12,0.33,0.21,,0.07,0.11,0.07,,0.64,1996-08-28,"5 transects taken; top, middle bottom only here"
AS006,2,"MACKOG-U",1996,OG,U,P,15.0,9.4,5.5,3.5,3.6,0.38,0.27,0.24,,0.39,0.25,0.24,,0.36,0.24,0.45,,0.63,1996-08-28,""
AS006,2,"MACKOG-U",1996,OG,U,SC,14.0,12.9,3.7,0.7,1.0,0.21,0.05,0.23,,0.40,0.19,0.18,,0.10,0.12,0.05,,0.59,1996-08-28,""
AS006,2,"MACKOG-U",1996,OG,U,SC,16.0,9.4,0.9,0.6,0.3,0.04,0.06,0.10,,0.05,0.01,0.05,,0.03,0.07,0.06,,0.31,1996-08-28,"5 transects taken; top, middle bottom only here"
AS006,2,"MACKOG-U",1997,OG,U,C,8.0,17.6,5.1,5.2,5.0,0.09,0.25,0.12,,0.12,0.12,0.25,,0.05,0.14,0.04,,0.39,1997-08-26,""
AS006,2,"MACKOG-U",1997,OG,U,C,10.0,3.7,2.8,3.2,3.4,0.21,0.09,0.04,,0.58,0.40,0.25,,0.20,0.08,0.22,,0.58,1997-08-26,""
AS006,2,"MACKOG-U",1997,OG,U,C,13.0,21.3,3.8,4.8,3.5,0.11,0.03,0.06,,0.16,0.23,0.23,,0.21,0.22,0.04,,0.45,1997-08-26,""
AS006,2,"MACKOG-U",1997,OG,U,P,9.0,11.0,3.6,3.1,1.1,0.19,0.27,0.10,,0.29,0.56,0.52,,0.19,0.25,0.18,,0.68,1997-08-26,"6 transects taken; top, middle bottom only here"
AS006,2,"MACKOG-U",1997,OG,U,P,11.0,7.0,5.9,3.4,4.6,0.14,0.13,0.07,,0.26,0.22,0.37,,0.48,0.14,0.36,,0.64,1997-08-26,""
AS006,2,"MACKOG-U",1997,OG,U,P,14.0,5.5,3.4,3.5,3.8,0.17,0.22,0.10,,0.44,0.26,0.30,,0.34,0.29,0.04,,0.54,1997-08-26,""
AS006,2,"MACKOG-U",1997,OG,U,P,15.0,11.0,4.3,10.3,7.3,0.08,0.17,0.19,,0.31,0.17,0.24,,0.23,0.26,0.18,,0.33,1997-08-26,""
AS006,2,"MACKOG-U",1997,OG,U,SC,12.0,13.3,2.4,1.0,1.7,0.09,0.19,0.05,,0.13,0.14,0.09,,0.13,0.02,0.05,,0.20,1997-08-26,""
AS006,2,"MACKOG-U",1998,OG,U,C,11.0,8.8,3.2,3.8,1.5,0.02,0.35,0.12,,0.09,0.13,0.10,,0.35,0.25,0.12,,0.44,1998-09-03,"6 transects taken; top, middle bottom only here"
AS006,2,"MACKOG-U",1998,OG,U,C,14.0,21.7,3.3,4.5,2.6,0.17,0.32,0.18,,0.20,0.34,0.02,,0.18,0.24,0.04,,0.65,1998-09-03,""
AS006,2,"MACKOG-U",1998,OG,U,P,10.0,11.0,2.4,2.2,1.2,0.12,0.29,0.12,,0.11,0.38,0.49,,0.08,0.29,0.14,,0.62,1998-09-03,"6 transects taken; top, middle bottom only here"
AS006,2,"MACKOG-U",1998,OG,U,P,12.0,10.0,2.8,3.2,3.2,0.11,0.20,0.15,,0.47,0.27,0.22,,0.45,0.18,0.11,,0.57,1998-09-03,""
AS006,2,"MACKOG-U",1998,OG,U,P,15.0,4.4,2.8,3.0,4.2,0.12,0.26,0.07,,0.35,0.35,0.20,,0.04,0.38,0.12,,0.55,1998-09-03,""
AS006,2,"MACKOG-U",1998,OG,U,P,16.0,11.0,4.7,10.5,7.2,0.05,0.08,0.06,,0.13,0.21,0.16,,0.20,0.04,0.20,,0.33,1998-09-03,""
AS006,2,"MACKOG-U",1998,OG,U,SC,13.0,12.3,1.2,0.6,1.1,0.01,0.02,0.02,,0.07,0.10,0.02,,0.14,0.29,0.02,,0.29,1998-09-03,""
AS006,2,"MACKOG-U",2011,OG,U,C,13.0,17.3,1.6,3.5,4.7,0.10,0.28,0.15,0.39,0.35,0.33,0.18,0.41,0.06,0.41,0.24,0.12,0.59,2011-09-15,""
AS006,2,"MACKOG-U",2011,OG,U,C,15.0,23.1,6.8,4.4,5.4,0.14,0.14,0.06,0.18,0.18,0.11,0.13,0.10,0.08,0.05,0.25,0.08,0.36,2011-09-15,""
AS006,2,"MACKOG-U",2011,OG,U,P,12.0,9.1,3.9,3.2,2.8,0.16,0.12,0.10,0.31,0.24,0.11,0.32,0.30,0.25,,,,0.37,2011-09-15,""
AS006,2,"MACKOG-U",2011,OG,U,P,14.0,6.2,5.3,5.8,2.8,0.28,0.14,0.09,0.25,0.34,0.20,0.34,0.14,0.16,,,,0.56,2011-09-15,""
AS006,2,"MACKOG-U",2011,OG,U,SC,16.0,6.9,1.5,1.2,1.1,0.11,0.08,0.03,0.04,0.07,0.07,0.10,0.11,0.03,,,,0.23,2011-09-15,""
AS006,2,"MACKOG-U",2012,OG,U,C,13.0,17.3,2.7,3.3,5.2,0.16,0.21,0.09,0.16,0.41,0.38,0.07,0.34,0.11,0.17,0.13,0.09,0.54,2012-09-07,""
AS006,2,"MACKOG-U",2012,OG,U,C,15.0,23.4,5.1,7.7,9.5,0.08,0.08,0.12,0.16,0.12,0.06,0.14,0.13,0.09,0.19,0.12,0.10,0.37,2012-09-07,""
AS006,2,"MACKOG-U",2012,OG,U,P,12.0,9.4,4.0,4.2,3.7,0.16,0.27,0.28,0.27,0.23,0.23,0.27,0.24,0.21,,,,0.38,2012-09-07,""
AS006,2,"MACKOG-U",2012,OG,U,P,14.0,7.0,5.2,6.1,5.9,0.30,0.15,0.08,0.36,0.47,0.16,0.30,0.20,0.39,,,,0.64,2012-09-07,""
AS006,2,"MACKOG-U",2012,OG,U,SC,16.0,7.7,1.7,1.1,1.1,0.07,0.03,0.06,0.08,0.14,0.19,0.06,0.11,0.07,,,,0.22,2012-09-07,""
AS006,2,"MACKOG-U",2013,OG,U,C,13.0,16.5,1.9,2.1,4.4,0.20,0.24,0.31,0.28,0.17,0.11,0.08,0.04,0.22,0.29,0.13,0.06,0.51,2013-09-06,""
AS006,2,"MACKOG-U",2013,OG,U,C,15.0,24.4,5.2,7.6,9.5,0.20,0.09,0.19,0.08,0.10,0.18,0.15,0.17,0.13,0.07,0.09,0.37,0.42,2013-09-06,""
AS006,2,"MACKOG-U",2013,OG,U,P,12.0,8.3,4.5,3.9,3.7,0.13,0.07,0.30,0.20,0.23,0.36,0.13,0.30,0.09,0.40,0.20,0.04,0.43,2013-09-06,""
AS006,2,"MACKOG-U",2013,OG,U,P,14.0,5.6,5.8,6.3,6.0,0.13,0.33,0.25,0.38,0.30,0.30,0.29,0.40,0.04,,,,0.60,2013-09-06,""
AS006,2,"MACKOG-U",2013,OG,U,SC,16.0,7.7,0.8,0.4,1.2,0.04,0.06,0.03,0.08,0.05,0.01,0.09,0.07,0.04,,,,0.23,2013-09-06,""
AS006,2,"MACKOG-U",2014,OG,U,C,13.0,16.2,2.1,1.8,3.6,0.11,0.31,0.12,0.25,0.12,0.19,0.32,0.22,0.36,0.22,0.19,0.38,0.60,2014-09-11,""
AS006,2,"MACKOG-U",2014,OG,U,C,15.0,24.5,7.2,5.2,5.1,0.14,0.05,0.05,0.09,0.26,0.03,0.05,0.16,0.23,0.22,0.05,0.17,0.32,2014-09-11,""
AS006,2,"MACKOG-U",2014,OG,U,P,11.0,4.6,3.2,3.8,1.7,0.11,0.15,0.17,0.27,0.16,0.19,0.35,0.20,0.39,0.28,0.16,0.04,0.37,2014-09-11,""
AS006,2,"MACKOG-U",2014,OG,U,P,14.0,7.5,5.3,5.1,6.4,0.34,0.29,0.23,0.25,0.05,0.23,0.44,0.21,0.10,0.32,0.09,0.20,0.61,2014-09-11,""
AS006,2,"MACKOG-U",2014,OG,U,SC,12.0,7.1,1.2,0.6,0.9,0.03,0.04,0.11,0.04,0.24,0.08,0.03,0.10,0.08,0.04,0.02,0.04,0.24,2014-09-11,""
